names,label
10002.jpg,1
10013.jpg,1
10015.jpg,5
10018.jpg,1
10019.jpg,1
10022.jpg,2
10030.jpg,5
10031.jpg,5
10034.jpg,1
10040.jpg,3
10045.jpg,2
10046.jpg,4
10051.jpg,2
10060.jpg,1
10062.jpg,4
10064.jpg,2
10068.jpg,4
10074.jpg,6
10075.jpg,8
10077.jpg,5
10080.jpg,4
10081.jpg,5
10090.jpg,2
10101.jpg,0
10102.jpg,8
10108.jpg,1
10113.jpg,1
10118.jpg,1
10119.jpg,5
10120.jpg,1
10125.jpg,2
10127.jpg,3
10130.jpg,1
10145.jpg,2
10151.jpg,4
10153.jpg,3
10156.jpg,3
10166.jpg,1
10168.jpg,5
10173.jpg,5
10177.jpg,9
10180.jpg,1
10184.jpg,3
10191.jpg,1
10192.jpg,3
10196.jpg,3
10204.jpg,2
10205.jpg,2
10219.jpg,9
10220.jpg,1
10229.jpg,3
10231.jpg,5
10241.jpg,3
10245.jpg,4
10254.jpg,2
10269.jpg,3
10272.jpg,8
10281.jpg,3
10286.jpg,8
10287.jpg,5
10291.jpg,8
10295.jpg,8
10298.jpg,5
10299.jpg,4
10300.jpg,1
10311.jpg,2
10316.jpg,4
10317.jpg,3
10318.jpg,3
10319.jpg,8
10321.jpg,1
10328.jpg,9
10334.jpg,3
10341.jpg,5
10343.jpg,1
10348.jpg,0
10350.jpg,5
10355.jpg,6
10362.jpg,6
10375.jpg,3
10376.jpg,2
10379.jpg,0
10381.jpg,5
10383.jpg,8
10388.jpg,5
10389.jpg,5
10392.jpg,0
10396.jpg,3
10397.jpg,2
10399.jpg,2
10400.jpg,2
10403.jpg,2
10404.jpg,7
10412.jpg,5
10425.jpg,0
10426.jpg,5
10457.jpg,1
10458.jpg,5
10480.jpg,0
10489.jpg,2
10491.jpg,3
10495.jpg,2
10502.jpg,1
10503.jpg,3
10504.jpg,3
10506.jpg,2
10508.jpg,1
10511.jpg,8
10512.jpg,5
10513.jpg,1
10519.jpg,6
10523.jpg,8
10528.jpg,3
10542.jpg,7
10546.jpg,1
10554.jpg,7
10559.jpg,7
10560.jpg,3
10562.jpg,1
10568.jpg,6
10576.jpg,5
10581.jpg,4
10587.jpg,6
10589.jpg,7
10591.jpg,6
10592.jpg,1
10593.jpg,3
10610.jpg,6
10612.jpg,3
10613.jpg,1
10615.jpg,7
10619.jpg,3
10621.jpg,2
10630.jpg,1
10633.jpg,8
10639.jpg,5
10645.jpg,4
10656.jpg,3
10659.jpg,8
10662.jpg,3
10668.jpg,1
10670.jpg,3
10671.jpg,1
10672.jpg,3
10677.jpg,3
10689.jpg,5
10692.jpg,5
10697.jpg,3
10702.jpg,5
10709.jpg,5
10710.jpg,5
10713.jpg,5
10720.jpg,5
10727.jpg,8
10729.jpg,4
10731.jpg,1
10742.jpg,5
10750.jpg,5
10751.jpg,5
10754.jpg,4
10763.jpg,8
10767.jpg,4
10768.jpg,4
10773.jpg,4
10775.jpg,1
10781.jpg,6
10791.jpg,1
10799.jpg,5
10808.jpg,4
10810.jpg,4
10814.jpg,4
10817.jpg,4
10832.jpg,1
10838.jpg,5
10841.jpg,4
10842.jpg,1
10843.jpg,1
10844.jpg,4
10848.jpg,7
10857.jpg,6
10870.jpg,6
10876.jpg,4
10877.jpg,4
10878.jpg,1
10887.jpg,3
10893.jpg,4
10895.jpg,0
10905.jpg,6
10906.jpg,2
10915.jpg,3
10918.jpg,5
10931.jpg,4
10933.jpg,1
10936.jpg,6
10937.jpg,3
10939.jpg,1
10953.jpg,4
10957.jpg,7
10959.jpg,3
10962.jpg,3
13913.jpg,1
13914.jpg,5
13920.jpg,8
13926.jpg,1
13930.jpg,7
13932.jpg,1
13933.jpg,9
13935.jpg,3
13939.jpg,2
13955.jpg,1
13956.jpg,5
13961.jpg,7
13962.jpg,1
14451.jpg,2
14457.jpg,5
14461.jpg,3
9641.jpg,6
9648.jpg,4
9654.jpg,5
9660.jpg,4
9661.jpg,5
9662.jpg,1
9668.jpg,1
9669.jpg,3
9672.jpg,1
9673.jpg,0
9674.jpg,5
9676.jpg,0
9683.jpg,1
9685.jpg,4
9696.jpg,1
9698.jpg,3
9700.jpg,2
9716.jpg,2
9717.jpg,5
9718.jpg,4
9739.jpg,0
9749.jpg,0
9751.jpg,4
9757.jpg,8
9769.jpg,3
9772.jpg,4
9777.jpg,1
9778.jpg,0
9782.jpg,1
9784.jpg,3
9785.jpg,1
9787.jpg,1
9790.jpg,8
9791.jpg,3
9792.jpg,8
9793.jpg,3
9796.jpg,3
9798.jpg,3
9807.jpg,1
9814.jpg,1
9817.jpg,1
9822.jpg,5
9826.jpg,6
9835.jpg,1
9840.jpg,3
9844.jpg,1
9845.jpg,1
9850.jpg,3
9864.jpg,3
9867.jpg,1
9873.jpg,1
9877.jpg,5
9879.jpg,1
9885.jpg,1
9888.jpg,3
9892.jpg,3
9895.jpg,1
9896.jpg,1
9898.jpg,1
9908.jpg,2
9916.jpg,3
9924.jpg,6
9945.jpg,0
9955.jpg,4
9958.jpg,1
9962.jpg,1
9969.jpg,1
9974.jpg,3
9975.jpg,1
9983.jpg,1
9990.jpg,4
